,SPY,cash
2006-01-06,0.0,1.0
2006-01-09,0.4109448790550232,0.5890551209449768
2006-01-10,0.7901152968406677,0.20988468825817108
2006-01-11,0.8367584347724915,0.16324155032634735
2006-01-12,0.1872045397758484,0.8127954602241516
2006-01-13,0.7488316297531128,0.25116831064224243
2006-01-17,0.7640686631202698,0.23593133687973022
2006-01-18,0.8416973352432251,0.1583026647567749
2006-01-19,0.9033255577087402,0.09667449444532394
2006-01-20,0.43945878744125366,0.5605411529541016
2006-01-23,0.5599154829978943,0.44008445739746094
2006-01-24,0.9748395681381226,0.025160446763038635
2006-01-25,0.8034384846687317,0.1965615451335907
2006-01-26,0.24674779176712036,0.7532522082328796
2006-01-27,0.7754148840904236,0.2245851755142212
2006-01-30,0.23156695067882538,0.7684330344200134
2006-01-31,0.3384799063205719,0.6615200638771057
2006-02-01,0.3655697703361511,0.6344302296638489
2006-02-02,0.6907438635826111,0.3092561662197113
2006-02-03,0.38083571195602417,0.6191642880439758
2006-02-06,0.1332232654094696,0.866776704788208
2006-02-07,0.3610764443874359,0.6389235258102417
2006-02-08,0.5161692500114441,0.4838307201862335
2006-02-09,0.3595178425312042,0.6404821276664734
2006-02-10,0.20777103304862976,0.7922289967536926
2006-02-13,0.5076372623443604,0.49236273765563965
2006-02-14,0.5936440825462341,0.4063558876514435
2006-02-15,0.9135891795158386,0.0864107757806778
2006-02-16,0.496764600276947,0.503235399723053
2006-02-17,0.928537130355835,0.07146285474300385
2006-02-21,0.540472149848938,0.4595278799533844
2006-02-22,0.25665634870529175,0.7433436512947083
2006-02-23,0.3556760251522064,0.644324004650116
2006-02-24,0.8515568971633911,0.14844313263893127
2006-02-27,0.5065711736679077,0.49342888593673706
2006-02-28,0.2010912001132965,0.7989088296890259
2006-03-01,0.7897533774375916,0.21024663746356964
2006-03-02,0.935360312461853,0.06463971734046936
2006-03-03,0.9789450764656067,0.021054966375231743
2006-03-06,0.9146989583969116,0.0853009819984436
2006-03-07,0.2772200405597687,0.7227799892425537
2006-03-08,0.5517878532409668,0.448212206363678
2006-03-09,0.3783096671104431,0.6216903328895569
2006-03-10,0.5170964002609253,0.4829035699367523
2006-03-13,0.8003193140029907,0.1996806412935257
2006-03-14,0.9922676682472229,0.007732342462986708
2006-03-15,0.20251402258872986,0.7974859476089478
2006-03-16,0.07429835200309753,0.9257016777992249
2006-03-17,0.36912864446640015,0.6308714151382446
2006-03-20,0.2231130748987198,0.7768869400024414
2006-03-21,0.4595814049243927,0.5404185652732849
2006-03-22,0.9245180487632751,0.07548196613788605
2006-03-23,0.4121341109275818,0.5878658890724182
2006-03-24,0.721419632434845,0.27858036756515503
2006-03-27,0.8812208771705627,0.11877908557653427
2006-03-28,0.298259973526001,0.7017400860786438
2006-03-29,0.4132193922996521,0.5867806077003479
2006-03-30,0.6743987202644348,0.3256013095378876
2006-03-31,0.4849807918071747,0.5150191783905029
2006-04-03,0.9097812175750732,0.09021884948015213
2006-04-04,0.9465101957321167,0.0534898079931736
2006-04-05,0.5194126963615417,0.48058730363845825
2006-04-06,0.7263290882110596,0.27367085218429565
2006-04-07,0.32921841740608215,0.6707815527915955
2006-04-10,0.5233057141304016,0.476694256067276
2006-04-11,0.4297466278076172,0.5702533721923828
2006-04-12,0.6067084670066833,0.39329153299331665
2006-04-13,0.04145137965679169,0.9585486054420471
2006-04-17,0.566859781742096,0.43314024806022644
2006-04-18,0.5992713570594788,0.40072864294052124
2006-04-19,0.10726526379585266,0.8927347660064697
2006-04-20,0.5905404090881348,0.4094596207141876
2006-04-21,0.09584970772266388,0.9041503071784973
2006-04-24,0.9514877200126648,0.04851226136088371
2006-04-25,0.7585247755050659,0.2414751946926117
2006-04-26,0.039042212069034576,0.9609578251838684
2006-04-27,0.42798125743865967,0.5720187425613403
2006-04-28,0.7114590406417847,0.28854095935821533
2006-05-01,0.4947341978549957,0.5052657723426819
2006-05-02,0.5993055105209351,0.4006945490837097
2006-05-03,0.33754298090934753,0.6624570488929749
2006-05-04,0.4416840672492981,0.5583159327507019
2006-05-05,0.3899726867675781,0.6100273132324219
2006-05-08,0.12039943784475327,0.8796005249023438
2006-05-09,0.259919673204422,0.7400803565979004
2006-05-10,0.7501505613327026,0.24984939396381378
2006-05-11,0.23616744577884674,0.7638325691223145
2006-05-12,0.6785573363304138,0.3214426338672638
2006-05-15,0.09400049597024918,0.9059994220733643
2006-05-16,0.3495875895023346,0.650412380695343
2006-05-17,0.511084794998169,0.48891517519950867
2006-05-18,0.5234781503677368,0.4765218496322632
2006-05-19,0.6313713788986206,0.36862868070602417
2006-05-22,0.19841210544109344,0.8015879392623901
2006-05-23,0.028867356479167938,0.9711326360702515
2006-05-24,0.5921946167945862,0.4078053832054138
2006-05-25,0.21531125903129578,0.7846887707710266
2006-05-26,0.40171685814857483,0.5982831716537476
2006-05-30,0.8342289924621582,0.1657709777355194
2006-05-31,0.7891653180122375,0.21083469688892365
2006-06-01,0.44110700488090515,0.5588930249214172
2006-06-02,0.6082158088684082,0.3917841911315918
2006-06-05,0.23123985528945923,0.7687601447105408
2006-06-06,0.3588321805000305,0.6411678791046143
2006-06-07,0.8594024181365967,0.14059756696224213
2006-06-08,0.42058923840522766,0.5794106721878052
2006-06-09,0.12718091905117035,0.8728190660476685
2006-06-12,0.7289109826087952,0.27108901739120483
2006-06-13,0.2719970643520355,0.7280029654502869
2006-06-14,0.1403312087059021,0.8596687912940979
2006-06-15,0.5680477619171143,0.43195226788520813
2006-06-16,0.09166352450847626,0.9083364605903625
2006-06-19,0.40836071968078613,0.5916392207145691
2006-06-20,0.8976951241493225,0.10230488330125809
2006-06-21,0.8706426620483398,0.12935738265514374
2006-06-22,0.7567705512046814,0.24322952330112457
2006-06-23,0.5925031304359436,0.40749692916870117
2006-06-26,0.4705342948436737,0.5294657349586487
2006-06-27,0.04222444072365761,0.9577755928039551
2006-06-28,0.22885386645793915,0.7711461782455444
2006-06-29,0.6575085520744324,0.3424914479255676
2006-06-30,0.6991926431655884,0.3008073568344116
2006-07-03,0.5573248267173767,0.4426752030849457
2006-07-05,0.27613306045532227,0.7238669395446777
2006-07-06,0.5898086428642273,0.4101913571357727
2006-07-07,0.8031168580055237,0.1968831568956375
2006-07-10,0.44987916946411133,0.5501208305358887
2006-07-11,0.4650629162788391,0.5349370241165161
2006-07-12,0.13370518386363983,0.866294801235199
2006-07-13,0.08106104284524918,0.9189389944076538
2006-07-14,0.27794522047042847,0.7220548391342163
2006-07-17,0.3398294150829315,0.6601706147193909
2006-07-18,0.4922628700733185,0.5077371001243591
2006-07-19,0.12661418318748474,0.8733857870101929
2006-07-20,0.7061672806739807,0.2938327193260193
2006-07-21,0.23251818120479584,0.767481803894043
2006-07-24,0.3380758762359619,0.6619240641593933
2006-07-25,0.46365249156951904,0.5363475680351257
2006-07-26,0.10050972551107407,0.8994902968406677
2006-07-27,0.03637533262372017,0.9636246562004089
2006-07-28,0.3017524182796478,0.6982476115226746
2006-07-31,0.6099528670310974,0.3900470733642578
2006-08-01,0.8586341142654419,0.14136585593223572
2006-08-02,0.8483404517173767,0.15165956318378448
2006-08-03,0.10511337965726852,0.8948866128921509
2006-08-04,0.2337317019701004,0.766268253326416
2006-08-07,0.9422867894172668,0.057713210582733154
2006-08-08,0.6313000917434692,0.36869996786117554
2006-08-09,0.7679958939552307,0.2320040762424469
2006-08-10,0.7890455722808838,0.210954487323761
2006-08-11,0.478985071182251,0.521014928817749
2006-08-14,0.957902729511261,0.04209727421402931
2006-08-15,0.3472421169281006,0.6527578234672546
2006-08-16,0.5417916774749756,0.4582083523273468
2006-08-17,0.20423243939876556,0.7957675457000732
2006-08-18,0.4637785255908966,0.536221444606781
2006-08-21,0.2552298307418823,0.7447702288627625
2006-08-22,0.30600622296333313,0.6939938068389893
2006-08-23,0.30286192893981934,0.6971380710601807
2006-08-24,0.42740797996520996,0.57259202003479
2006-08-25,0.4921371042728424,0.50786292552948
2006-08-28,0.6105393171310425,0.3894607424736023
2006-08-29,0.5966549515724182,0.4033450186252594
2006-08-30,0.09390872716903687,0.9060912728309631
2006-08-31,0.7054405212402344,0.2945594787597656
2006-09-01,0.6069644093513489,0.3930355906486511
2006-09-05,0.2753351330757141,0.7246648073196411
2006-09-06,0.7318886518478394,0.26811134815216064
2006-09-07,0.4787869155406952,0.5212130546569824
2006-09-08,0.5507003664970398,0.4492996633052826
2006-09-11,0.47482529282569885,0.5251747369766235
2006-09-12,0.38745754957199097,0.612542450428009
2006-09-13,0.5526902079582214,0.44730982184410095
2006-09-14,0.7045181393623352,0.29548180103302
2006-09-15,0.4018792510032654,0.5981207489967346
2006-09-18,0.09405802190303802,0.9059419631958008
2006-09-19,0.6767958402633667,0.3232041895389557
2006-09-20,0.9865443706512451,0.013455594889819622
2006-09-21,0.5433235168457031,0.45667651295661926
2006-09-22,0.3469541668891907,0.6530458331108093
2006-09-25,0.24547632038593292,0.7545236945152283
2006-09-26,0.09704992920160294,0.9029501080513
2006-09-27,0.8166388273239136,0.1833612024784088
2006-09-28,0.7659999132156372,0.234000101685524
2006-09-29,0.5866344571113586,0.41336557269096375
2006-10-02,0.6274843811988831,0.37251561880111694
2006-10-03,0.7671782970428467,0.23282167315483093
2006-10-04,0.11966551840305328,0.8803344964981079
2006-10-05,0.2128332108259201,0.7871667146682739
2006-10-06,0.6918849945068359,0.30811500549316406
2006-10-09,0.650516152381897,0.34948381781578064
2006-10-10,0.15869063138961792,0.8413093090057373
2006-10-11,0.900094211101532,0.09990577399730682
2006-10-12,0.18455784022808075,0.8154421448707581
2006-10-13,0.4313655495643616,0.5686344504356384
2006-10-16,0.9362214207649231,0.0637785941362381
2006-10-17,0.6810212135314941,0.31897884607315063
2006-10-18,0.160355806350708,0.8396441340446472
2006-10-19,0.42839157581329346,0.5716084837913513
2006-10-20,0.8880609273910522,0.11193905025720596
2006-10-23,0.3741074502468109,0.6258925795555115
2006-10-24,0.8608111143112183,0.13918891549110413
2006-10-25,0.4046127200126648,0.5953872799873352
2006-10-26,0.11406924575567245,0.8859307169914246
2006-10-27,0.4381345510482788,0.5618654489517212
2006-10-30,0.15242020785808563,0.8475797772407532
2006-10-31,0.7684537768363953,0.23154626786708832
2006-11-01,0.23775354027748108,0.7622464895248413
2006-11-02,0.18024581670761108,0.8197541832923889
2006-11-03,0.014444570988416672,0.9855554699897766
2006-11-06,0.36735692620277405,0.6326430439949036
2006-11-07,0.10819212347269058,0.8918078541755676
2006-11-08,0.07354394346475601,0.9264560341835022
2006-11-09,0.6597718000411987,0.34022819995880127
2006-11-10,0.9357807040214539,0.06421925127506256
2006-11-13,0.29236266016960144,0.707637369632721
2006-11-14,0.7874625325202942,0.2125374674797058
2006-11-15,0.46072936058044434,0.5392706394195557
2006-11-16,0.07953514903783798,0.9204648733139038
2006-11-17,0.31029200553894043,0.6897079944610596
2006-11-20,0.2098853588104248,0.79011470079422
2006-11-21,0.3484756648540497,0.6515243053436279
2006-11-22,0.7123164534568787,0.28768354654312134
2006-11-24,0.8539774417877197,0.14602255821228027
2006-11-27,0.631119966506958,0.3688800036907196
2006-11-28,0.8057828545570374,0.19421711564064026
2006-11-29,0.3797371983528137,0.6202628016471863
2006-11-30,0.8143033981323242,0.18569660186767578
2006-12-01,0.09781388938426971,0.9021860957145691
2006-12-04,0.7914085388183594,0.20859147608280182
2006-12-05,0.43986716866493225,0.5601328611373901
2006-12-06,0.47923439741134644,0.5207655429840088
2006-12-07,0.662779688835144,0.33722037076950073
2006-12-08,0.6071215271949768,0.3928784728050232
2006-12-11,0.7268432378768921,0.2731568217277527
2006-12-12,0.6381300091743469,0.36187002062797546
2006-12-13,0.9055365920066833,0.09446339309215546
2006-12-14,0.6318445205688477,0.36815547943115234
2006-12-15,0.8274129033088684,0.172587051987648
2006-12-18,0.32171010971069336,0.6782898902893066
2006-12-19,0.11545591801404953,0.8845440745353699
2006-12-20,0.07375563681125641,0.92624431848526
2006-12-21,0.35447046160697937,0.645529568195343
2006-12-22,0.6604412198066711,0.33955878019332886
2006-12-26,0.8160455822944641,0.1839543879032135
2006-12-27,0.5228894352912903,0.47711050510406494
2006-12-28,0.795226514339447,0.20477353036403656
2006-12-29,0.33930277824401855,0.6606971621513367
2007-01-03,0.6445168256759644,0.35548317432403564
2007-01-04,0.16752921044826508,0.8324707746505737
2007-01-05,0.9242202043533325,0.0757797509431839
2007-01-08,0.8284544348716736,0.1715455800294876
2007-01-09,0.6122981309890747,0.3877018690109253
2007-01-10,0.8819349408149719,0.11806502938270569
2007-01-11,0.7198668122291565,0.28013312816619873
2007-01-12,0.20725800096988678,0.7927419543266296
2007-01-16,0.8575925827026367,0.1424073874950409
2007-01-17,0.41593971848487854,0.5840603113174438
2007-01-18,0.7805357575416565,0.2194642722606659
2007-01-19,0.7009752988815308,0.299024760723114
2007-01-22,0.8741561770439148,0.12584376335144043
2007-01-23,0.5898452997207642,0.41015467047691345
2007-01-24,0.45968490839004517,0.5403151512145996
2007-01-25,0.82216477394104,0.17783527076244354
2007-01-26,0.20144960284233093,0.7985504269599915
2007-01-29,0.2211822271347046,0.7788177728652954
2007-01-30,0.5493431687355042,0.45065683126449585
2007-01-31,0.34006229043006897,0.6599377393722534
2007-02-01,0.448484867811203,0.5515151619911194
2007-02-02,0.6013588309288025,0.3986411690711975
2007-02-05,0.6681393384933472,0.33186063170433044
2007-02-06,0.18428486585617065,0.8157151341438293
2007-02-07,0.661349892616272,0.338650107383728
2007-02-08,0.6620761752128601,0.3379238247871399
2007-02-09,0.3866935968399048,0.6133063435554504
2007-02-12,0.7034463286399841,0.29655367136001587
2007-02-13,0.9122692346572876,0.08773074299097061
2007-02-14,0.2945128083229065,0.7054872512817383
2007-02-15,0.16891008615493774,0.8310899138450623
2007-02-16,0.8743333220481873,0.12566667795181274
2007-02-20,0.9107713103294373,0.08922871202230453
2007-02-21,0.5972047448158264,0.4027952253818512
2007-02-22,0.9580071568489075,0.04199279472231865
2007-02-23,0.8239855766296387,0.17601442337036133
2007-02-26,0.5018733143806458,0.49812668561935425
2007-02-27,0.7300469875335693,0.2699529528617859
2007-02-28,0.9221773147583008,0.07782270759344101
2007-03-01,0.2179681956768036,0.782031774520874
2007-03-02,0.5393418669700623,0.46065816283226013
2007-03-05,0.7385448217391968,0.2614551782608032
2007-03-06,0.6602342128753662,0.339765727519989
2007-03-07,0.2305326908826828,0.7694673538208008
2007-03-08,0.5893738269805908,0.4106261432170868
2007-03-09,0.015497845597565174,0.9845021963119507
2007-03-12,0.17058056592941284,0.8294194340705872
2007-03-13,0.4180997908115387,0.5819001793861389
2007-03-14,0.86920166015625,0.13079833984375
2007-03-15,0.41680872440338135,0.5831912755966187
2007-03-16,0.3774155378341675,0.6225844621658325
2007-03-19,0.7429839372634888,0.25701600313186646
2007-03-20,0.1964908391237259,0.8035092353820801
2007-03-21,0.8152875900268555,0.18471240997314453
2007-03-22,0.654997706413269,0.34500232338905334
2007-03-23,0.47417762875556946,0.5258224010467529
2007-03-26,0.2495768666267395,0.7504231333732605
2007-03-27,0.8952364921569824,0.10476348549127579
2007-03-28,0.7735680937767029,0.2264319211244583
2007-03-29,0.6276540160179138,0.3723459839820862
2007-03-30,0.5435088276863098,0.45649123191833496
2007-04-02,0.39345595240592957,0.606544017791748
2007-04-03,0.21619710326194763,0.78380286693573
2007-04-04,0.2604683041572571,0.7395316958427429
2007-04-05,0.2275853008031845,0.7724147439002991
2007-04-09,0.922382116317749,0.07761785387992859
2007-04-10,0.3760002851486206,0.6239997148513794
2007-04-11,0.608669638633728,0.391330361366272
2007-04-12,0.18193382024765015,0.8180661797523499
2007-04-13,0.6363301873207092,0.36366981267929077
2007-04-16,0.8048245310783386,0.19517549872398376
2007-04-17,0.25590816140174866,0.744091808795929
2007-04-18,0.8534658551216125,0.14653414487838745
2007-04-19,0.40382546186447144,0.5961745381355286
2007-04-20,0.6419131755828857,0.35808679461479187
2007-04-23,0.3855174481868744,0.6144825220108032
2007-04-24,0.7540225982666016,0.24597738683223724
2007-04-25,0.2379416823387146,0.7620583176612854
2007-04-26,0.8862563371658325,0.11374367028474808
2007-04-27,0.5248625874519348,0.4751373827457428
2007-04-30,0.304104745388031,0.6958951950073242
2007-05-01,0.08334796875715256,0.9166520237922668
2007-05-02,0.26694631576538086,0.7330536246299744
2007-05-03,0.17042939364910126,0.8295705914497375
2007-05-04,0.8849360942840576,0.11506395041942596
2007-05-07,0.7296909093856812,0.27030909061431885
2007-05-08,0.5555742979049683,0.44442570209503174
2007-05-09,0.7343032956123352,0.2656966745853424
2007-05-10,0.606620192527771,0.3933797776699066
2007-05-11,0.44129741191864014,0.5587025880813599
2007-05-14,0.007502657826989889,0.9924973249435425
2007-05-15,0.617271363735199,0.3827286660671234
2007-05-16,0.8637858033180237,0.13621415197849274
2007-05-17,0.2309323251247406,0.769067645072937
2007-05-18,0.10491009801626205,0.8950899839401245
2007-05-21,0.1305512636899948,0.8694486618041992
2007-05-22,0.024516189470887184,0.9754838347434998
2007-05-23,0.6655146479606628,0.33448538184165955
2007-05-24,0.8416783809661865,0.1583215892314911
2007-05-25,0.18515054881572723,0.8148494362831116
2007-05-29,0.0636991336941719,0.9363008737564087
2007-05-30,0.7967193722724915,0.20328061282634735
2007-05-31,0.07540108263492584,0.9245989322662354
2007-06-01,0.9431033134460449,0.05689670518040657
2007-06-04,0.9430149793624878,0.05698499083518982
2007-06-05,0.44820529222488403,0.5517947673797607
2007-06-06,0.7315236330032349,0.26847630739212036
2007-06-07,0.31347891688346863,0.6865211129188538
2007-06-08,0.45928236842155457,0.5407176613807678
2007-06-11,0.2810019552707672,0.7189980149269104
2007-06-12,0.9142120480537415,0.08578798919916153
2007-06-13,0.42648690938949585,0.5735130906105042
2007-06-14,0.5557653903961182,0.44423454999923706
2007-06-15,0.1999312788248062,0.800068736076355
2007-06-18,0.16199840605258942,0.8380016088485718
2007-06-19,0.3366073668003082,0.6633926033973694
2007-06-20,0.4172772169113159,0.5827227830886841
2007-06-21,0.5074663758277893,0.4925335943698883
2007-06-22,0.8454359769821167,0.15456408262252808
2007-06-25,0.39391788840293884,0.6060821413993835
2007-06-26,0.501693606376648,0.49830639362335205
2007-06-27,0.9479535222053528,0.05204647034406662
2007-06-28,0.13814574480056763,0.8618542551994324
2007-06-29,0.10079417377710342,0.8992058038711548
2007-07-02,0.3833927512168884,0.6166071891784668
2007-07-03,0.7610377073287964,0.23896226286888123
2007-07-05,0.5494779348373413,0.4505220055580139
2007-07-06,0.7067092657089233,0.29329073429107666
2007-07-09,0.39051300287246704,0.609486997127533
2007-07-10,0.8181127905845642,0.1818872094154358
2007-07-11,0.20936888456344604,0.7906310558319092
2007-07-12,0.6368875503540039,0.3631124496459961
2007-07-13,0.7235741019248962,0.27642592787742615
2007-07-16,0.33167290687561035,0.6683270931243896
2007-07-17,0.8024821281433105,0.19751785695552826
2007-07-18,0.697733461856842,0.30226659774780273
2007-07-19,0.4779921770095825,0.5220078229904175
2007-07-20,0.44241639971733093,0.5575836300849915
2007-07-23,0.9177303314208984,0.08226969093084335
2007-07-24,0.07122097909450531,0.9287790060043335
2007-07-25,0.8857733607292175,0.11422669887542725
2007-07-26,0.4918941259384155,0.5081058144569397
2007-07-27,0.3963865637779236,0.6036134362220764
2007-07-30,0.8449493050575256,0.15505065023899078
2007-07-31,0.12962958216667175,0.8703704476356506
2007-08-01,0.5224390625953674,0.47756093740463257
2007-08-02,0.24412915110588074,0.7558708190917969
2007-08-03,0.3414889872074127,0.6585110425949097
2007-08-06,0.6652665138244629,0.3347335159778595
2007-08-07,0.11469221115112305,0.885307788848877
2007-08-08,0.9249690771102905,0.07503087818622589
2007-08-09,0.7881603837013245,0.21183963119983673
2007-08-10,0.33611029386520386,0.6638897657394409
2007-08-13,0.700203537940979,0.2997964024543762
2007-08-14,0.9704225063323975,0.029577424749732018
2007-08-15,0.5403632521629333,0.4596368074417114
2007-08-16,0.2385975420475006,0.761402428150177
2007-08-17,0.48125553131103516,0.5187444090843201
2007-08-20,0.26862287521362305,0.7313771843910217
2007-08-21,0.4832736849784851,0.5167263150215149
2007-08-22,0.1268952190876007,0.8731048107147217
2007-08-23,0.9246937036514282,0.07530631124973297
2007-08-24,0.3267063796520233,0.6732936501502991
2007-08-27,0.307070791721344,0.692929208278656
2007-08-28,0.4773910343647003,0.5226089954376221
2007-08-29,0.21993492543697357,0.7800650596618652
2007-08-30,0.4824901521205902,0.5175098776817322
2007-08-31,0.7784968614578247,0.2215031236410141
2007-09-04,0.10245347768068314,0.8975464701652527
2007-09-05,0.2926841378211975,0.7073158025741577
2007-09-06,0.1399957686662674,0.860004186630249
2007-09-07,0.15864762663841248,0.8413524031639099
2007-09-10,0.1510091871023178,0.848990797996521
2007-09-11,0.31042173504829407,0.6895782947540283
2007-09-12,0.18697340786457062,0.8130266070365906
2007-09-13,0.590241551399231,0.40975844860076904
2007-09-14,0.7883222103118896,0.21167778968811035
2007-09-17,0.5468413233757019,0.4531586468219757
2007-09-18,0.4773785173892975,0.5226214528083801
2007-09-19,0.6336325407028198,0.3663674294948578
2007-09-20,0.44712477922439575,0.5528752207756042
2007-09-21,0.3400404453277588,0.6599595546722412
2007-09-24,0.29726824164390564,0.702731728553772
2007-09-25,0.6787031292915344,0.3212968409061432
2007-09-26,0.5886428356170654,0.41135719418525696
2007-09-27,0.49348965287208557,0.506510317325592
2007-09-28,0.5356463193893433,0.46435368061065674
2007-10-01,0.1250651776790619,0.8749347925186157
2007-10-02,0.26287466287612915,0.7371252775192261
2007-10-03,0.053745295852422714,0.9462546706199646
2007-10-04,0.8511890769004822,0.14881090819835663
2007-10-05,0.19842274487018585,0.8015772700309753
2007-10-08,0.5735113620758057,0.4264886975288391
2007-10-09,0.26718515157699585,0.7328147888183594
2007-10-10,0.7896993160247803,0.21030065417289734
2007-10-11,0.6419844627380371,0.3580155372619629
2007-10-12,0.4449402391910553,0.5550597906112671
2007-10-15,0.348188191652298,0.6518118381500244
2007-10-16,0.881976306438446,0.11802371591329575
2007-10-17,0.4524092674255371,0.5475907921791077
2007-10-18,0.38397181034088135,0.6160281896591187
2007-10-19,0.9562404155731201,0.0437595508992672
2007-10-22,0.6156734228134155,0.3843265175819397
2007-10-23,0.06693665683269501,0.9330633878707886
2007-10-24,0.7854346632957458,0.21456530690193176
2007-10-25,0.7878636717796326,0.21213629841804504
2007-10-26,0.7808810472488403,0.21911892294883728
2007-10-29,0.1895570605993271,0.8104429244995117
2007-10-30,0.8797329664230347,0.12026707828044891
2007-10-31,0.2897574007511139,0.7102425694465637
2007-11-01,0.323885440826416,0.6761146187782288
2007-11-02,0.6364544034004211,0.36354559659957886
2007-11-05,0.22763687372207642,0.7723631262779236
2007-11-06,0.7813907265663147,0.2186092585325241
2007-11-07,0.4123251736164093,0.5876747965812683
2007-11-08,0.595268964767456,0.40473103523254395
2007-11-09,0.7745708227157593,0.2254292368888855
2007-11-12,0.903180718421936,0.09681926667690277
2007-11-13,0.03199316933751106,0.9680068492889404
2007-11-14,0.5791367292404175,0.4208632707595825
2007-11-15,0.46591949462890625,0.5340805649757385
2007-11-16,0.6737250089645386,0.3262749910354614
2007-11-19,0.7623367309570312,0.23766319453716278
2007-11-20,0.46637067198753357,0.533629298210144
2007-11-21,0.1802527904510498,0.8197472095489502
2007-11-23,0.3028877377510071,0.6971122622489929
2007-11-26,0.3538701832294464,0.6461297869682312
2007-11-27,0.40450066328048706,0.5954993367195129
2007-11-28,0.5900247097015381,0.4099753201007843
2007-11-29,0.7224717140197754,0.2775282859802246
2007-11-30,0.5769762992858887,0.42302370071411133
2007-12-03,0.8457507491111755,0.15424929559230804
2007-12-04,0.6305111646652222,0.36948880553245544
2007-12-05,0.462841272354126,0.5371587872505188
2007-12-06,0.3743717074394226,0.6256283521652222
2007-12-07,0.5042566061019897,0.49574339389801025
2007-12-10,0.76726895570755,0.23273105919361115
2007-12-11,0.2155848741531372,0.7844151258468628
2007-12-12,0.4721815288066864,0.527818500995636
2007-12-13,0.15803374350070953,0.8419662714004517
2007-12-14,0.33351606130599976,0.6664838790893555
2007-12-17,0.7829863429069519,0.2170136272907257
2007-12-18,0.8620280027389526,0.13797202706336975
2007-12-19,0.1214386448264122,0.8785613775253296
2007-12-20,0.8295504450798035,0.1704496145248413
2007-12-21,0.8406481742858887,0.1593518704175949
2007-12-24,0.21372056007385254,0.7862794399261475
2007-12-26,0.693495512008667,0.30650442838668823
2007-12-27,0.808797299861908,0.19120270013809204
2007-12-28,0.7137584090232849,0.2862415909767151
2007-12-31,0.9518729448318481,0.04812707379460335
2008-01-02,0.16913171112537384,0.8308683037757874
2008-01-03,0.11128058284521103,0.888719379901886
2008-01-04,0.7812872529029846,0.21871276199817657
2008-01-07,0.06080419197678566,0.9391958117485046
2008-01-08,0.8113915920257568,0.18860845267772675
2008-01-09,0.972985565662384,0.027014393359422684
2008-01-10,0.48506227135658264,0.514937698841095
2008-01-11,0.5810307264328003,0.4189693331718445
2008-01-14,0.3400135934352875,0.6599864363670349
2008-01-15,0.622972309589386,0.3770276606082916
2008-01-16,0.6138778924942017,0.38612207770347595
2008-01-17,0.7370197772979736,0.26298025250434875
2008-01-18,0.6052934527397156,0.3947065770626068
2008-01-22,0.3628007471561432,0.6371992230415344
2008-01-23,0.11372282356023788,0.8862771391868591
2008-01-24,0.08782877773046494,0.9121711850166321
2008-01-25,0.4566304087638855,0.5433696508407593
2008-01-28,0.23745977878570557,0.7625402212142944
2008-01-29,0.188415989279747,0.8115840554237366
2008-01-30,0.34171441197395325,0.6582855582237244
2008-01-31,0.7132505178451538,0.2867494225502014
2008-02-01,0.9309134483337402,0.06908655911684036
2008-02-04,0.45320484042167664,0.5467950701713562
2008-02-05,0.4104095697402954,0.5895904302597046
2008-02-06,0.3260730803012848,0.6739269495010376
2008-02-07,0.054065827280282974,0.9459341764450073
2008-02-08,0.08296670019626617,0.917033314704895
2008-02-11,0.6155434846878052,0.3844565153121948
2008-02-12,0.7814470529556274,0.21855294704437256
2008-02-13,0.508729875087738,0.4912700951099396
2008-02-14,0.6574442386627197,0.3425557017326355
2008-02-15,0.38173338770866394,0.6182666420936584
2008-02-19,0.3622535467147827,0.6377464532852173
2008-02-20,0.8851684331893921,0.1148315891623497
2008-02-21,0.6124815940856934,0.38751840591430664
2008-02-22,0.5399124026298523,0.4600875675678253
2008-02-25,0.5363117456436157,0.4636882245540619
2008-02-26,0.7279286980628967,0.2720712721347809
2008-02-27,0.8969730138778687,0.10302699357271194
2008-02-28,0.5873218774795532,0.41267821192741394
2008-02-29,0.5870116353034973,0.4129883646965027
2008-03-03,0.4941474497318268,0.5058525800704956
2008-03-04,0.5697067975997925,0.4302932322025299
2008-03-05,0.7999503016471863,0.20004966855049133
2008-03-06,0.43135780096054077,0.5686421990394592
2008-03-07,0.10685376822948456,0.8931462168693542
2008-03-10,0.30764931440353394,0.6923506855964661
2008-03-11,0.15859435498714447,0.8414056301116943
2008-03-12,0.8910075426101685,0.10899248719215393
2008-03-13,0.17982520163059235,0.8201747536659241
2008-03-14,0.8479882478713989,0.15201178193092346
2008-03-17,0.5782815217971802,0.4217185080051422
2008-03-18,0.18387997150421143,0.8161200284957886
2008-03-19,0.874447762966156,0.12555217742919922
2008-03-20,0.0069975401274859905,0.9930024743080139
2008-03-24,0.048523906618356705,0.9514760971069336
2008-03-25,0.6380467414855957,0.3619532585144043
2008-03-26,0.5118582844734192,0.4881416857242584
2008-03-27,0.6510703563690186,0.34892961382865906
2008-03-28,0.4372621774673462,0.5627378821372986
2008-03-31,0.7795211672782898,0.2204788476228714
2008-04-01,0.5977662205696106,0.40223371982574463
2008-04-02,0.6077086925506592,0.3922913074493408
2008-04-03,0.3305347263813019,0.6694652438163757
2008-04-04,0.2684789001941681,0.7315211892127991
2008-04-07,0.17333321273326874,0.8266667723655701
2008-04-08,0.42283785343170166,0.5771621465682983
2008-04-09,0.47478142380714417,0.5252185463905334
2008-04-10,0.019834555685520172,0.980165421962738
2008-04-11,0.3855825960636139,0.6144174337387085
2008-04-14,0.1328146606683731,0.8671854138374329
2008-04-15,0.9568608403205872,0.04313912242650986
2008-04-16,0.5700290203094482,0.42997094988822937
2008-04-17,0.39101141691207886,0.6089885830879211
2008-04-18,0.1029125526547432,0.8970874547958374
2008-04-21,0.6648008227348328,0.33519917726516724
2008-04-22,0.0551774762570858,0.9448224902153015
2008-04-23,0.1721137911081314,0.827886164188385
2008-04-24,0.5819700956344604,0.41802993416786194
2008-04-25,0.075643390417099,0.9243566393852234
2008-04-28,0.46494609117507935,0.5350539684295654
2008-04-29,0.8226479291915894,0.17735211551189423
2008-04-30,0.4622362554073334,0.537763774394989
2008-05-01,0.8711593151092529,0.12884066998958588
2008-05-02,0.6041431427001953,0.3958568572998047
2008-05-05,0.08389917016029358,0.916100800037384
2008-05-06,0.3894050717353821,0.6105949282646179
2008-05-07,0.9790719747543335,0.020927995443344116
2008-05-08,0.28486400842666626,0.7151360511779785
2008-05-09,0.47919726371765137,0.5208027362823486
2008-05-12,0.7024189829826355,0.2975810170173645
2008-05-13,0.3332565426826477,0.6667434573173523
2008-05-14,0.7145351767539978,0.2854648530483246
2008-05-15,0.4003047049045563,0.5996952652931213
2008-05-16,0.34344717860221863,0.6565528512001038
2008-05-19,0.46459534764289856,0.535404622554779
2008-05-20,0.6661487221717834,0.3338512182235718
2008-05-21,0.7239699959754944,0.276030033826828
2008-05-22,0.8365136384963989,0.16348636150360107
2008-05-23,0.23056063055992126,0.7694392800331116
2008-05-27,0.830661952495575,0.16933800280094147
2008-05-28,0.5854249596595764,0.4145750403404236
2008-05-29,0.7305001020431519,0.26949992775917053
2008-05-30,0.4957250952720642,0.5042749643325806
2008-06-02,0.37900349497795105,0.6209964752197266
2008-06-03,0.024802619591355324,0.9751973748207092
2008-06-04,0.05883041396737099,0.9411695599555969
2008-06-05,0.5710885524749756,0.42891138792037964
2008-06-06,0.6253839135169983,0.37461617588996887
2008-06-09,0.6643941402435303,0.3356058597564697
2008-06-10,0.37703946232795715,0.6229605674743652
2008-06-11,0.5452106595039368,0.454789400100708
2008-06-12,0.0663846954703331,0.9336152672767639
2008-06-13,0.8968878984451294,0.10311214625835419
2008-06-16,0.8950357437133789,0.10496427118778229
2008-06-17,0.49616357684135437,0.503836452960968
2008-06-18,0.43016794323921204,0.5698320269584656
2008-06-19,0.7213638424873352,0.2786361575126648
2008-06-20,0.6386682391166687,0.3613317608833313
2008-06-23,0.5124323964118958,0.48756763339042664
2008-06-24,0.3662431240081787,0.6337568759918213
2008-06-25,0.9656703472137451,0.03432965278625488
2008-06-26,0.46561139822006226,0.5343886613845825
2008-06-27,0.6165493726730347,0.38345056772232056
2008-06-30,0.9364275336265564,0.06357252597808838
2008-07-01,0.6215429306030273,0.37845703959465027
2008-07-02,0.32551804184913635,0.6744819283485413
2008-07-03,0.7582465410232544,0.2417534589767456
2008-07-07,0.8192287683486938,0.18077126145362854
2008-07-08,0.5564091801643372,0.44359076023101807
2008-07-09,0.4266243577003479,0.5733756422996521
2008-07-10,0.3914121985435486,0.6085878014564514
2008-07-11,0.7089622616767883,0.29103776812553406
2008-07-14,0.03627350181341171,0.9637264609336853
2008-07-15,0.3402951955795288,0.659704864025116
2008-07-16,0.1902582198381424,0.809741735458374
2008-07-17,0.669540286064148,0.33045971393585205
2008-07-18,0.09938047081232071,0.9006195068359375
2008-07-21,0.6584288477897644,0.3415711522102356
2008-07-22,0.8144158720970154,0.18558408319950104
2008-07-23,0.7605741620063782,0.23942580819129944
2008-07-24,0.11938130110502243,0.880618691444397
2008-07-25,0.9310831427574158,0.06891684979200363
2008-07-28,0.630711019039154,0.36928892135620117
2008-07-29,0.7403678297996521,0.2596321105957031
2008-07-30,0.8744605779647827,0.12553945183753967
2008-07-31,0.48761817812919617,0.5123817920684814
2008-08-01,0.8743320107460022,0.1256679743528366
2008-08-04,0.8478665351867676,0.1521335244178772
2008-08-05,0.2991287112236023,0.7008713483810425
2008-08-06,0.25657522678375244,0.7434247732162476
2008-08-07,0.7704532146453857,0.22954680025577545
2008-08-08,0.885094940662384,0.11490499973297119
2008-08-11,0.9233336448669434,0.07666630297899246
2008-08-12,0.34814873337745667,0.6518512964248657
2008-08-13,0.03524298220872879,0.9647570252418518
2008-08-14,0.1256502866744995,0.8743496537208557
2008-08-15,0.8392471075057983,0.16075286269187927
2008-08-18,0.9183782935142517,0.08162170648574829
2008-08-19,0.4077984094619751,0.5922015309333801
2008-08-20,0.302781879901886,0.697218120098114
2008-08-21,0.373786598443985,0.6262134313583374
2008-08-22,0.7233666777610779,0.2766333520412445
2008-08-25,0.8156282305717468,0.18437176942825317
2008-08-26,0.0893254354596138,0.910674512386322
2008-08-27,0.600586473941803,0.399413526058197
2008-08-28,0.26054564118385315,0.7394543886184692
2008-08-29,0.4942571222782135,0.5057429075241089
2008-09-02,0.7535785436630249,0.24642141163349152
2008-09-03,0.3018181324005127,0.6981818675994873
2008-09-04,0.8000684380531311,0.19993150234222412
2008-09-05,0.8818353414535522,0.11816468089818954
2008-09-08,0.48283880949020386,0.5171611905097961
2008-09-09,0.39745354652404785,0.6025465130805969
2008-09-10,0.8639103174209595,0.13608965277671814
2008-09-11,0.4686974287033081,0.5313025712966919
2008-09-12,0.5021306872367859,0.4978693127632141
2008-09-15,0.6276315450668335,0.3723684549331665
2008-09-16,0.06254425644874573,0.9374557733535767
2008-09-17,0.027764322236180305,0.9722356796264648
2008-09-18,0.5511441826820374,0.44885578751564026
2008-09-19,0.8352758288383484,0.164724200963974
2008-09-22,0.10232184082269669,0.8976781368255615
2008-09-23,0.6739993691444397,0.3260006606578827
2008-09-24,0.708058774471283,0.29194125533103943
2008-09-25,0.10801129788160324,0.8919886946678162
2008-09-26,0.05533411726355553,0.9446659088134766
2008-09-29,0.7224211692810059,0.27757886052131653
2008-09-30,0.026850946247577667,0.9731490612030029
2008-10-01,0.11087823659181595,0.8891217708587646
2008-10-02,0.37146881222724915,0.6285311579704285
2008-10-03,0.7313387989997864,0.268661230802536
2008-10-06,0.7512916922569275,0.24870827794075012
2008-10-07,0.4576493501663208,0.542350709438324
2008-10-08,0.40959489345550537,0.5904051065444946
2008-10-09,0.8506002426147461,0.1493997573852539
2008-10-10,0.15338730812072754,0.8466126322746277
2008-10-13,0.8145944476127625,0.18540558218955994
2008-10-14,0.4469713270664215,0.5530287027359009
2008-10-15,0.9539558291435242,0.04604417085647583
2008-10-16,0.6227437257766724,0.37725627422332764
2008-10-17,0.7999422550201416,0.2000577598810196
2008-10-20,0.8929345011711121,0.10706549882888794
2008-10-21,0.3256545066833496,0.6743454933166504
2008-10-22,0.8578080534934998,0.14219190180301666
2008-10-23,0.14060162007808685,0.859398365020752
2008-10-24,0.5634037852287292,0.43659621477127075
2008-10-27,0.18450002372264862,0.8154999613761902
2008-10-28,0.160037100315094,0.839962899684906
2008-10-29,0.5039873123168945,0.4960126578807831
2008-10-30,0.686825156211853,0.31317490339279175
2008-10-31,0.908129096031189,0.09187088906764984
2008-11-03,0.4350527822971344,0.564947247505188
2008-11-04,0.7278844118118286,0.27211564779281616
2008-11-05,0.23008696734905243,0.7699130177497864
2008-11-06,0.8121682405471802,0.18783177435398102
2008-11-07,0.32618194818496704,0.6738179922103882
2008-11-10,0.3556835949420929,0.6443164348602295
2008-11-11,0.6984322667121887,0.3015676736831665
2008-11-12,0.6147903203964233,0.3852096498012543
2008-11-13,0.7688976526260376,0.23110230267047882
2008-11-14,0.5104460120201111,0.48955395817756653
2008-11-17,0.6043989658355713,0.3956010341644287
2008-11-18,0.8068422675132751,0.19315771758556366
2008-11-19,0.31865015625953674,0.6813498735427856
2008-11-20,0.6757693290710449,0.3242306411266327
2008-11-21,0.7072363495826721,0.2927636504173279
2008-11-24,0.7739883661270142,0.22601161897182465
2008-11-25,0.8498599529266357,0.15014009177684784
2008-11-26,0.7283495664596558,0.271650493144989
2008-11-28,0.3610273003578186,0.6389726996421814
2008-12-01,0.6535829901695251,0.34641706943511963
2008-12-02,0.04619848355650902,0.9538014531135559
2008-12-03,0.910968005657196,0.08903198689222336
2008-12-04,0.8262874484062195,0.1737125664949417
2008-12-05,0.5931891798973083,0.4068108797073364
2008-12-08,0.25059953331947327,0.7494004964828491
2008-12-09,0.9182226061820984,0.08177737891674042
2008-12-10,0.6812674403190613,0.3187325596809387
2008-12-11,0.46881070733070374,0.5311893224716187
2008-12-12,0.8464418649673462,0.15355810523033142
2008-12-15,0.21459156274795532,0.7854084372520447
2008-12-16,0.2342866212129593,0.7657133936882019
2008-12-17,0.5817117691040039,0.4182882308959961
2008-12-18,0.7525885105133057,0.24741150438785553
2008-12-19,0.4972623884677887,0.5027375817298889
2008-12-22,0.7177383899688721,0.2822616696357727
2008-12-23,0.4100325405597687,0.5899674296379089
2008-12-24,0.6056796312332153,0.39432039856910706
2008-12-26,0.3184727430343628,0.6815271973609924
2008-12-29,0.8845345377922058,0.1154654249548912
2008-12-30,0.6224042177200317,0.3775957226753235
2008-12-31,0.27761438488960266,0.722385585308075
2009-01-02,0.894759476184845,0.10524047911167145
2009-01-05,0.5930121541023254,0.40698787569999695
2009-01-06,0.8508341908454895,0.1491658091545105
2009-01-07,0.8997397422790527,0.10026023536920547
2009-01-08,0.3525864779949188,0.6474134922027588
2009-01-09,0.15430796146392822,0.8456920981407166
2009-01-12,0.3670521676540375,0.6329478621482849
2009-01-13,0.3027600347995758,0.6972399353981018
2009-01-14,0.7822280526161194,0.217771977186203
2009-01-15,0.13187909126281738,0.8681209087371826
2009-01-16,0.9209390878677368,0.07906091958284378
2009-01-20,0.9368075132369995,0.0631924644112587
2009-01-21,0.9309195280075073,0.06908049434423447
2009-01-22,0.8270016312599182,0.172998309135437
2009-01-23,0.6520906686782837,0.3479093313217163
2009-01-26,0.8142547011375427,0.18574531376361847
2009-01-27,0.3285854160785675,0.6714146137237549
2009-01-28,0.07507999241352081,0.9249200224876404
2009-01-29,0.6532758474349976,0.34672415256500244
2009-01-30,0.1575135439634323,0.8424865007400513
2009-02-02,0.50799161195755,0.4920084774494171
2009-02-03,0.6875930428504944,0.3124069273471832
2009-02-04,0.41360148787498474,0.5863984823226929
2009-02-05,0.5353416800498962,0.46465831995010376
2009-02-06,0.5856568217277527,0.4143431782722473
2009-02-09,0.578031599521637,0.42196834087371826
2009-02-10,0.20482636988162994,0.7951736450195312
2009-02-11,0.6418315768241882,0.35816845297813416
2009-02-12,0.5740375518798828,0.4259624183177948
2009-02-13,0.4884127974510193,0.5115871429443359
2009-02-17,0.5060374140739441,0.4939625859260559
2009-02-18,0.6517619490623474,0.348238080739975
2009-02-19,0.1574288010597229,0.8425711393356323
2009-02-20,0.6744753122329712,0.32552462816238403
2009-02-23,0.5046582221984863,0.49534180760383606
2009-02-24,0.6859229207038879,0.3140770494937897
2009-02-25,0.1783333420753479,0.8216666579246521
2009-02-26,0.5197840332984924,0.48021599650382996
2009-02-27,0.14518781006336212,0.8548122048377991
2009-03-02,0.414613276720047,0.5853866934776306
2009-03-03,0.17139901220798492,0.8286010026931763
2009-03-04,0.9492501616477966,0.05074984207749367
2009-03-05,0.531020998954773,0.46897900104522705
2009-03-06,0.8066818714141846,0.19331808388233185
2009-03-09,0.3026564121246338,0.6973435878753662
2009-03-10,0.6033816337585449,0.3966183066368103
2009-03-11,0.2907097041606903,0.7092902660369873
2009-03-12,0.5739777088165283,0.4260222613811493
2009-03-13,0.35507604479789734,0.644923985004425
2009-03-16,0.46001750230789185,0.5399825572967529
2009-03-17,0.0986393615603447,0.9013606905937195
2009-03-18,0.5682692527770996,0.4317307472229004
2009-03-19,0.4900880455970764,0.5099120140075684
2009-03-20,0.6996747255325317,0.30032527446746826
2009-03-23,0.5909215211868286,0.4090784788131714
2009-03-24,0.04077054560184479,0.9592294692993164
2009-03-25,0.4423663914203644,0.557633638381958
2009-03-26,0.6826605796813965,0.31733939051628113
2009-03-27,0.8348339200019836,0.16516602039337158
2009-03-30,0.5984101891517639,0.4015897810459137
2009-03-31,0.33293551206588745,0.6670645475387573
2009-04-01,0.36451882123947144,0.6354811787605286
2009-04-02,0.20820681750774384,0.791793167591095
2009-04-03,0.7774556875228882,0.22254425287246704
2009-04-06,0.2181910276412964,0.7818089127540588
2009-04-07,0.6361832618713379,0.3638167381286621
2009-04-08,0.8574777841567993,0.1425222009420395
2009-04-09,0.698249876499176,0.30175018310546875
2009-04-13,0.626638650894165,0.37336137890815735
2009-04-14,0.4086821675300598,0.5913177728652954
2009-04-15,0.35636764764785767,0.6436323523521423
2009-04-16,0.6760520339012146,0.3239479959011078
2009-04-17,0.5222144722938538,0.47778552770614624
2009-04-20,0.5250776410102844,0.4749223589897156
2009-04-21,0.7522996664047241,0.24770036339759827
2009-04-22,0.3478681743144989,0.6521317958831787
2009-04-23,0.6590467691421509,0.34095320105552673
2009-04-24,0.6273239254951477,0.3726760745048523
2009-04-27,0.8526763916015625,0.14732366800308228
2009-04-28,0.541519045829773,0.45848095417022705
2009-04-29,0.1405622661113739,0.8594377040863037
2009-04-30,0.766103982925415,0.23389600217342377
2009-05-01,0.6318159699440002,0.36818400025367737
2009-05-04,0.28467312455177307,0.7153269052505493
2009-05-05,0.4911980926990509,0.5088018774986267
2009-05-06,0.3016738295555115,0.6983261704444885
2009-05-07,0.8900615572929382,0.10993843525648117
2009-05-08,0.846065878868103,0.15393412113189697
2009-05-11,0.5740381479263306,0.42596179246902466
2009-05-12,0.7008708715438843,0.2991291582584381
2009-05-13,0.1071760356426239,0.8928239941596985
2009-05-14,0.8424845933914185,0.15751537680625916
2009-05-15,0.18252868950366974,0.8174713253974915
2009-05-18,0.6554221510887146,0.3445778489112854
2009-05-19,0.4956069886684418,0.5043930411338806
2009-05-20,0.07441633194684982,0.9255836606025696
2009-05-21,0.16528964042663574,0.8347102999687195
2009-05-22,0.4795723557472229,0.5204276442527771
2009-05-26,0.7812420725822449,0.21875791251659393
2009-05-27,0.9414453506469727,0.05855467915534973
2009-05-28,0.24714989960193634,0.7528500556945801
2009-05-29,0.23052377998828888,0.7694762945175171
2009-06-01,0.6091532111167908,0.39084675908088684
2009-06-02,0.3549000322818756,0.6450999975204468
2009-06-03,0.23868779838085175,0.7613121867179871
2009-06-04,0.5520390868186951,0.44796091318130493
2009-06-05,0.3049602508544922,0.6950397491455078
2009-06-08,0.7735301852226257,0.22646979987621307
2009-06-09,0.4890371263027191,0.5109629034996033
2009-06-10,0.3672546148300171,0.6327453255653381
2009-06-11,0.7919272780418396,0.20807267725467682
2009-06-12,0.877032995223999,0.12296702712774277
2009-06-15,0.38669511675834656,0.6133049130439758
2009-06-16,0.08240610361099243,0.9175938963890076
2009-06-17,0.8124879002571106,0.18751215934753418
2009-06-18,0.35403627157211304,0.645963728427887
2009-06-19,0.1592850238084793,0.8407149910926819
2009-06-22,0.8021947741508484,0.19780521094799042
2009-06-23,0.41616183519363403,0.5838382244110107
2009-06-24,0.8814326524734497,0.1185673326253891
2009-06-25,0.564918577671051,0.435081422328949
2009-06-26,0.03640713170170784,0.9635928273200989
2009-06-29,0.3517025113105774,0.6482975482940674
2009-06-30,0.9492265582084656,0.05077343434095383
2009-07-01,0.8002583384513855,0.1997416615486145
2009-07-02,0.533292829990387,0.4667071998119354
2009-07-06,0.5032762289047241,0.49672380089759827
2009-07-07,0.7629634141921997,0.2370365560054779
2009-07-08,0.1654876470565796,0.8345124125480652
2009-07-09,0.19492323696613312,0.8050767779350281
2009-07-10,0.43828463554382324,0.5617153644561768
2009-07-13,0.5982136726379395,0.40178635716438293
2009-07-14,0.9028286933898926,0.09717131406068802
2009-07-15,0.5159767866134644,0.48402321338653564
2009-07-16,0.8268396258354187,0.17316032946109772
2009-07-17,0.05260627716779709,0.9473937749862671
2009-07-20,0.07328597456216812,0.9267140030860901
2009-07-21,0.8301250338554382,0.16987492144107819
2009-07-22,0.8267815709114075,0.17321841418743134
2009-07-23,0.6360222697257996,0.3639778196811676
2009-07-24,0.2805091142654419,0.7194908857345581
2009-07-27,0.8840253949165344,0.11597459018230438
2009-07-28,0.6003075838088989,0.3996924161911011
2009-07-29,0.4120998978614807,0.5879001021385193
2009-07-30,0.6731570959091187,0.3268428444862366
2009-07-31,0.640677809715271,0.3593222498893738
2009-08-03,0.29564204812049866,0.7043579816818237
2009-08-04,0.38593733310699463,0.6140626072883606
2009-08-05,0.7619178295135498,0.2380821257829666
2009-08-06,0.9265047311782837,0.07349525392055511
2009-08-07,0.14299243688583374,0.8570075631141663
2009-08-10,0.6855140924453735,0.31448590755462646
2009-08-11,0.5379981398582458,0.46200188994407654
2009-08-12,0.9544775485992432,0.04552247375249863
2009-08-13,0.26406052708625793,0.7359394431114197
2009-08-14,0.20055046677589417,0.7994495034217834
2009-08-17,0.9444046020507812,0.05559539794921875
2009-08-18,0.06129158288240433,0.9387083649635315
2009-08-19,0.41595643758773804,0.584043562412262
2009-08-20,0.1216312125325203,0.8783688545227051
2009-08-21,0.8624725341796875,0.13752740621566772
2009-08-24,0.43374302983283997,0.5662569403648376
2009-08-25,0.8881468176841736,0.11185315996408463
2009-08-26,0.0845058262348175,0.9154941439628601
2009-08-27,0.11498607695102692,0.8850139379501343
2009-08-28,0.6685898303985596,0.3314102590084076
2009-08-31,0.07124504446983337,0.928754985332489
2009-09-01,0.2779141664505005,0.7220858335494995
2009-09-02,0.6362521052360535,0.36374789476394653
2009-09-03,0.3618994355201721,0.6381006240844727
2009-09-04,0.5370075702667236,0.46299242973327637
2009-09-08,0.8002944588661194,0.1997055560350418
2009-09-09,0.2643044590950012,0.7356956005096436
2009-09-10,0.264056921005249,0.735943078994751
2009-09-11,0.7023472189903259,0.2976527512073517
2009-09-14,0.19827061891555786,0.8017293810844421
2009-09-15,0.2617354691028595,0.7382644414901733
2009-09-16,0.3441894054412842,0.6558105945587158
2009-09-17,0.3372383117675781,0.6627616882324219
2009-09-18,0.48849278688430786,0.5115072131156921
2009-09-21,0.8270280361175537,0.17297200858592987
2009-09-22,0.08672711998224258,0.9132729172706604
2009-09-23,0.35588911175727844,0.6441108584403992
2009-09-24,0.4885411560535431,0.5114588737487793
2009-09-25,0.29463809728622437,0.7053619027137756
2009-09-28,0.6386576890945435,0.36134231090545654
2009-09-29,0.8391011953353882,0.16089878976345062
2009-09-30,0.5591607093811035,0.4408392906188965
2009-10-01,0.16974394023418427,0.8302559852600098
2009-10-02,0.6880118250846863,0.3119882345199585
2009-10-05,0.8122054934501648,0.1877945363521576
2009-10-06,0.6923167705535889,0.30768319964408875
2009-10-07,0.8316306471824646,0.16836930811405182
2009-10-08,0.27632859349250793,0.7236713767051697
2009-10-09,0.8556725382804871,0.14432747662067413
2009-10-12,0.7244678139686584,0.27553224563598633
2009-10-13,0.8361794948577881,0.1638205200433731
2009-10-14,0.38943588733673096,0.6105641722679138
2009-10-15,0.7868240475654602,0.2131759077310562
2009-10-16,0.6052263975143433,0.3947736322879791
2009-10-19,0.4562118947505951,0.5437880754470825
2009-10-20,0.3706743121147156,0.6293256878852844
2009-10-21,0.5163141489028931,0.48368579149246216
2009-10-22,0.5973255038261414,0.40267446637153625
2009-10-23,0.33493179082870483,0.6650682091712952
2009-10-26,0.6037753820419312,0.39622464776039124
2009-10-27,0.7350388169288635,0.2649611234664917
2009-10-28,0.5366228222846985,0.4633771479129791
2009-10-29,0.5139444470405579,0.4860555827617645
2009-10-30,0.3132745921611786,0.686725378036499
2009-11-02,0.9157642722129822,0.08423570543527603
2009-11-03,0.8772761225700378,0.12272389978170395
2009-11-04,0.2775208055973053,0.7224792242050171
2009-11-05,0.7844394445419312,0.21556057035923004
2009-11-06,0.6934756636619568,0.3065243065357208
2009-11-09,0.8437184691429138,0.15628154575824738
2009-11-10,0.2079237848520279,0.7920762300491333
2009-11-11,0.9233218431472778,0.07667815685272217
2009-11-12,0.28588050603866577,0.7141194939613342
2009-11-13,0.11051492393016815,0.8894850611686707
2009-11-16,0.16454468667507172,0.8354552984237671
2009-11-17,0.5046334862709045,0.49536657333374023
2009-11-18,0.35089820623397827,0.6491017937660217
2009-11-19,0.5797800421714783,0.4202200174331665
2009-11-20,0.40866485238075256,0.591335117816925
2009-11-23,0.8751012682914734,0.12489878386259079
2009-11-24,0.5394609570503235,0.4605390727519989
2009-11-25,0.37442365288734436,0.625576376914978
2009-11-27,0.5108882784843445,0.4891117215156555
2009-11-30,0.8071081042289734,0.19289183616638184
2009-12-01,0.720962643623352,0.27903738617897034
2009-12-02,0.43706393241882324,0.5629361271858215
2009-12-03,0.8813487887382507,0.11865121871232986
2009-12-04,0.7922025322914124,0.20779746770858765
2009-12-07,0.32737433910369873,0.6726256012916565
2009-12-08,0.45205727219581604,0.5479427576065063
2009-12-09,0.6717047691345215,0.32829520106315613
2009-12-10,0.8795804977416992,0.12041956931352615
2009-12-11,0.45089593529701233,0.5491040945053101
2009-12-14,0.5025256276130676,0.49747440218925476
2009-12-15,0.2931390702724457,0.7068609595298767
2009-12-16,0.7243556976318359,0.27564436197280884
2009-12-17,0.8480063676834106,0.15199366211891174
2009-12-18,0.703669011592865,0.296330988407135
2009-12-21,0.5354024767875671,0.4645974636077881
2009-12-22,0.3758898675441742,0.6241101622581482
2009-12-23,0.33902695775032043,0.660973072052002
2009-12-24,0.4841736853122711,0.5158263444900513
2009-12-28,0.7331096529960632,0.26689034700393677
2009-12-29,0.3561669886112213,0.6438329815864563
2009-12-30,0.18395406007766724,0.8160459399223328
2009-12-31,0.21368509531021118,0.7863149046897888
2010-01-04,0.5858527421951294,0.4141472280025482
2010-01-05,0.3520861268043518,0.6479138731956482
2010-01-06,0.3457467555999756,0.6542532444000244
2010-01-07,0.29462388157844543,0.705376148223877
2010-01-08,0.3999672532081604,0.6000328063964844
2010-01-11,0.6574348211288452,0.3425651788711548
2010-01-12,0.3815048038959503,0.6184951663017273
2010-01-13,0.37204477190971375,0.6279551982879639
2010-01-14,0.8237577080726624,0.17624227702617645
2010-01-15,0.29181334376335144,0.7081866264343262
2010-01-19,0.43078261613845825,0.5692174434661865
2010-01-20,0.6316035389900208,0.36839643120765686
2010-01-21,0.10873515158891678,0.8912648558616638
2010-01-22,0.08470543473958969,0.9152945280075073
2010-01-25,0.6057966947555542,0.3942033350467682
2010-01-26,0.6036801934242249,0.39631980657577515
2010-01-27,0.49641525745391846,0.5035846829414368
2010-01-28,0.5216748714447021,0.47832512855529785
2010-01-29,0.7263240814208984,0.2736758589744568
2010-02-01,0.7119447588920593,0.28805527091026306
2010-02-02,0.8328636884689331,0.1671362817287445
2010-02-03,0.008885247632861137,0.9911147356033325
2010-02-04,0.2473929226398468,0.7526070475578308
2010-02-05,0.7161052823066711,0.28389477729797363
2010-02-08,0.16101576387882233,0.8389841914176941
2010-02-09,0.6582419872283936,0.3417580723762512
2010-02-10,0.3980167806148529,0.6019831895828247
2010-02-11,0.29789772629737854,0.7021023035049438
2010-02-12,0.69517982006073,0.30482017993927
2010-02-16,0.2799925208091736,0.7200074195861816
2010-02-17,0.7273845076560974,0.2726154327392578
2010-02-18,0.265675812959671,0.7343241572380066
2010-02-19,0.7375199198722839,0.2624800205230713
2010-02-22,0.6197021007537842,0.38029783964157104
2010-02-23,0.5469322204589844,0.45306774973869324
2010-02-24,0.753089964389801,0.2469100058078766
2010-02-25,0.6164683699607849,0.3835316598415375
2010-02-26,0.8589904308319092,0.1410096138715744
2010-03-01,0.6534509658813477,0.34654900431632996
2010-03-02,0.954413652420044,0.04558635875582695
2010-03-03,0.7249448299407959,0.2750551700592041
2010-03-04,0.3351351022720337,0.6648648977279663
2010-03-05,0.2898843586444855,0.7101156115531921
2010-03-08,0.39314788579940796,0.6068521738052368
2010-03-09,0.3924591839313507,0.6075407862663269
2010-03-10,0.7507339119911194,0.24926608800888062
2010-03-11,0.12607868015766144,0.873921275138855
2010-03-12,0.3235492408275604,0.676450788974762
2010-03-15,0.5479288101196289,0.45207124948501587
2010-03-16,0.4443938732147217,0.5556061267852783
2010-03-17,0.4933205842971802,0.5066794753074646
2010-03-18,0.45998015999794006,0.5400198101997375
2010-03-19,0.4340054392814636,0.5659945607185364
2010-03-22,0.3585438132286072,0.641456127166748
2010-03-23,0.5455619096755981,0.4544380307197571
2010-03-24,0.805154025554657,0.19484597444534302
2010-03-25,0.7387543320655823,0.2612457275390625
2010-03-26,0.8355597853660583,0.16444024443626404
2010-03-29,0.25824815034866333,0.7417517900466919
2010-03-30,0.9270666837692261,0.07293334603309631
2010-03-31,0.25624212622642517,0.7437578439712524
2010-04-01,0.5108100771903992,0.48918986320495605
2010-04-05,0.28687378764152527,0.7131261825561523
2010-04-06,0.738776683807373,0.26122328639030457
2010-04-07,0.8526957035064697,0.14730434119701385
2010-04-08,0.2818360924720764,0.7181638479232788
2010-04-09,0.8406434059143066,0.15935660898685455
2010-04-12,0.8390570282936096,0.16094297170639038
2010-04-13,0.5112133026123047,0.48878663778305054
2010-04-14,0.9477115273475647,0.05228852853178978
2010-04-15,0.8398749232292175,0.16012510657310486
2010-04-16,0.787855863571167,0.21214410662651062
2010-04-19,0.4211530387401581,0.5788469910621643
2010-04-20,0.6027247905731201,0.3972751498222351
2010-04-21,0.10946965217590332,0.8905303478240967
2010-04-22,0.9114587903022766,0.0885411873459816
2010-04-23,0.019078921526670456,0.9809211492538452
2010-04-26,0.35520800948143005,0.6447919607162476
2010-04-27,0.01757468655705452,0.982425332069397
2010-04-28,0.44139739871025085,0.5586025714874268
2010-04-29,0.8938603401184082,0.10613963752985
2010-04-30,0.178851917386055,0.8211480975151062
2010-05-03,0.9472615718841553,0.05273846909403801
2010-05-04,0.39862117171287537,0.601378858089447
2010-05-05,0.14060917496681213,0.8593908548355103
2010-05-06,0.7344021201133728,0.2655978798866272
2010-05-07,0.3315941095352173,0.6684058904647827
2010-05-10,0.8789782524108887,0.1210217997431755
2010-05-11,0.5680633783340454,0.4319366216659546
2010-05-12,0.7398244142532349,0.26017552614212036
2010-05-13,0.5803270936012268,0.4196728765964508
2010-05-14,0.5152661800384521,0.4847337603569031
2010-05-17,0.9761512279510498,0.023848801851272583
2010-05-18,0.5675406455993652,0.43245938420295715
2010-05-19,0.287057101726532,0.712942898273468
2010-05-20,0.7958666086196899,0.20413340628147125
2010-05-21,0.9487951993942261,0.051204804331064224
2010-05-24,0.31367525458335876,0.6863247156143188
2010-05-25,0.8948640823364258,0.10513591766357422
2010-05-26,0.3397749662399292,0.660224974155426
2010-05-27,0.09806621819734573,0.9019337296485901
2010-05-28,0.6166101098060608,0.3833898901939392
2010-06-01,0.23246783018112183,0.7675321698188782
2010-06-02,0.8731327652931213,0.12686720490455627
2010-06-03,0.6707736253738403,0.32922640442848206
2010-06-04,0.572502076625824,0.4274979531764984
2010-06-07,0.29786521196365356,0.7021347880363464
2010-06-08,0.9405522346496582,0.05944771319627762
2010-06-09,0.6487239599227905,0.3512759804725647
2010-06-10,0.8331596851348877,0.1668403297662735
2010-06-11,0.793099045753479,0.20690102875232697
2010-06-14,0.8718069791793823,0.1281929910182953
2010-06-15,0.6269676089286804,0.3730323314666748
2010-06-16,0.6846995949745178,0.3153004050254822
2010-06-17,0.3765321373939514,0.6234678626060486
2010-06-18,0.7704096436500549,0.22959038615226746
2010-06-21,0.09800238162279129,0.9019976258277893
2010-06-22,0.8980259895324707,0.10197402536869049
2010-06-23,0.20919278264045715,0.7908071279525757
2010-06-24,0.6630423069000244,0.3369576632976532
2010-06-25,0.7762616276741028,0.2237383872270584
2010-06-28,0.6433358788490295,0.35666415095329285
2010-06-29,0.6343196630477905,0.36568039655685425
2010-06-30,0.5973029732704163,0.40269705653190613
2010-07-01,0.7747475504875183,0.2252524197101593
2010-07-02,0.9310887455940247,0.06891123205423355
2010-07-06,0.4897829294204712,0.5102170705795288
2010-07-07,0.20831923186779022,0.7916806936264038
2010-07-08,0.2113233357667923,0.7886766791343689
2010-07-09,0.8205208778381348,0.17947913706302643
2010-07-12,0.4078921973705292,0.5921077728271484
2010-07-13,0.17296306788921356,0.82703697681427
2010-07-14,0.7825025916099548,0.21749736368656158
2010-07-15,0.9655734300613403,0.03442654758691788
2010-07-16,0.6083453893661499,0.3916546404361725
2010-07-19,0.1791541427373886,0.8208458423614502
2010-07-20,0.14953650534152985,0.8504635095596313
2010-07-21,0.5697730183601379,0.4302269220352173
2010-07-22,0.8305183053016663,0.16948169469833374
2010-07-23,0.22748585045337677,0.7725141048431396
2010-07-26,0.737627387046814,0.26237258315086365
2010-07-27,0.8267005085945129,0.17329947650432587
2010-07-28,0.9167369604110718,0.08326307684183121
2010-07-29,0.18824099004268646,0.8117589950561523
2010-07-30,0.4006756544113159,0.5993242859840393
2010-08-02,0.5838514566421509,0.41614848375320435
2010-08-03,0.8809409141540527,0.11905909329652786
2010-08-04,0.13290143013000488,0.8670985102653503
2010-08-05,0.6003549695014954,0.39964500069618225
2010-08-06,0.29858914017677307,0.7014108300209045
2010-08-09,0.5527830719947815,0.44721686840057373
2010-08-10,0.26789483428001404,0.7321051955223083
2010-08-11,0.7054815888404846,0.294518381357193
2010-08-12,0.4211176633834839,0.5788823366165161
2010-08-13,0.5079569220542908,0.49204301834106445
2010-08-16,0.22974169254302979,0.7702583074569702
2010-08-17,0.578260064125061,0.42173993587493896
2010-08-18,0.17254744470119476,0.827452540397644
2010-08-19,0.7730193734169006,0.22698059678077698
2010-08-20,0.46469828486442566,0.5353017449378967
2010-08-23,0.09975557029247284,0.900244414806366
2010-08-24,0.028434835374355316,0.9715651869773865
2010-08-25,0.7366290092468262,0.26337096095085144
2010-08-26,0.857323169708252,0.14267686009407043
2010-08-27,0.05409187823534012,0.9459080696105957
2010-08-30,0.44086921215057373,0.5591307878494263
2010-08-31,0.6037397384643555,0.3962602913379669
2010-09-01,0.5480850338935852,0.4519149661064148
2010-09-02,0.6315687894821167,0.3684312403202057
2010-09-03,0.1301242560148239,0.8698757290840149
2010-09-07,0.35686346888542175,0.6431365013122559
2010-09-08,0.7557111382484436,0.24428889155387878
2010-09-09,0.094849593937397,0.9051503539085388
2010-09-10,0.5106399059295654,0.4893600642681122
2010-09-13,0.7854062914848328,0.214593768119812
2010-09-14,0.6984603404998779,0.30153965950012207
2010-09-15,0.8238669037818909,0.17613309621810913
2010-09-16,0.6174733638763428,0.38252660632133484
2010-09-17,0.182243213057518,0.8177567720413208
2010-09-20,0.43098679184913635,0.5690131783485413
2010-09-21,0.6902742981910706,0.30972570180892944
2010-09-22,0.13860805332660675,0.8613919615745544
2010-09-23,0.39870166778564453,0.6012983322143555
2010-09-24,0.3604545295238495,0.6395454406738281
2010-09-27,0.7770140767097473,0.22298593819141388
2010-09-28,0.6659809947013855,0.3340189456939697
2010-09-29,0.7384668588638306,0.2615331709384918
2010-09-30,0.5676410794258118,0.4323589503765106
2010-10-01,0.31647080183029175,0.6835291981697083
2010-10-04,0.09045281261205673,0.9095472097396851
2010-10-05,0.3112284541130066,0.6887715458869934
2010-10-06,0.9347554445266724,0.06524452567100525
2010-10-07,0.9733152985572815,0.026684755459427834
2010-10-08,0.48672306537628174,0.5132769346237183
2010-10-11,0.43830907344818115,0.5616909265518188
2010-10-12,0.6171221137046814,0.3828778862953186
2010-10-13,0.371146023273468,0.6288539171218872
2010-10-14,0.2606675922870636,0.7393324971199036
2010-10-15,0.32095810770988464,0.6790419220924377
2010-10-18,0.8026127815246582,0.19738724827766418
2010-10-19,0.5000596046447754,0.49994033575057983
2010-10-20,0.7930018305778503,0.20699816942214966
2010-10-21,0.7465726733207703,0.2534273564815521
2010-10-22,0.715694010257721,0.28430601954460144
2010-10-25,0.6312046647071838,0.36879536509513855
2010-10-26,0.46541664004325867,0.534583330154419
2010-10-27,0.4907761514186859,0.5092238187789917
2010-10-28,0.7031657695770264,0.2968342900276184
2010-10-29,0.19190190732479095,0.8080980777740479
2010-11-01,0.4142512381076813,0.5857487320899963
2010-11-02,0.232298344373703,0.7677016258239746
2010-11-03,0.23247313499450684,0.7675269246101379
2010-11-04,0.8713660836219788,0.12863394618034363
2010-11-05,0.41096481680870056,0.5890352129936218
2010-11-08,0.5466816425323486,0.45331835746765137
2010-11-09,0.4799692928791046,0.5200307369232178
2010-11-10,0.28554466366767883,0.7144553065299988
2010-11-11,0.46871450543403625,0.5312854051589966
2010-11-12,0.6787614822387695,0.3212384581565857
2010-11-15,0.5700461864471436,0.42995381355285645
2010-11-16,0.10132388770580292,0.8986760973930359
2010-11-17,0.9505490660667419,0.049450937658548355
2010-11-18,0.44518089294433594,0.5548190474510193
2010-11-19,0.7184391021728516,0.28156083822250366
2010-11-22,0.7016549706459045,0.29834499955177307
2010-11-23,0.1866011768579483,0.8133988380432129
2010-11-24,0.04619268327951431,0.9538073539733887
2010-11-26,0.05852553993463516,0.9414744973182678
2010-11-29,0.20821669697761536,0.7917832732200623
2010-11-30,0.6460903882980347,0.35390958189964294
2010-12-01,0.11633895337581635,0.8836610913276672
2010-12-02,0.6110314726829529,0.3889685571193695
2010-12-03,0.3673875331878662,0.6326124668121338
2010-12-06,0.44915226101875305,0.5508477091789246
2010-12-07,0.4850941300392151,0.5149058699607849
2010-12-08,0.26957255601882935,0.7304274439811707
2010-12-09,0.78319251537323,0.21680748462677002
2010-12-10,0.5855809450149536,0.4144190847873688
2010-12-13,0.06410393863916397,0.9358960390090942
2010-12-14,0.07944174110889435,0.9205582737922668
2010-12-15,0.46535757184028625,0.5346424579620361
2010-12-16,0.270128458738327,0.7298715114593506
2010-12-17,0.38259807229042053,0.6174019575119019
2010-12-20,0.6512671113014221,0.3487328886985779
2010-12-21,0.7978319525718689,0.2021680474281311
2010-12-22,0.8695951104164124,0.13040491938591003
2010-12-23,0.21675856411457062,0.7832414507865906
2010-12-27,0.37263938784599304,0.6273606419563293
2010-12-28,0.47773477435112,0.5222651958465576
2010-12-29,0.4581746459007263,0.5418253540992737
2010-12-30,0.2212613821029663,0.7787386178970337
2010-12-31,0.7198531627655029,0.28014689683914185
2011-01-03,0.24858155846595764,0.7514184713363647
2011-01-04,0.3712782561779022,0.6287217140197754
2011-01-05,0.3397900462150574,0.6602099537849426
2011-01-06,0.6456327438354492,0.3543672263622284
2011-01-07,0.9397155046463013,0.060284484177827835
2011-01-10,0.8660627007484436,0.1339372843503952
2011-01-11,0.857764720916748,0.14223529398441315
2011-01-12,0.44612911343574524,0.5538709163665771
2011-01-13,0.7647644877433777,0.2352355271577835
2011-01-14,0.8924424648284912,0.10755755007266998
2011-01-18,0.8702192902565002,0.12978069484233856
2011-01-19,0.8273758292198181,0.17262420058250427
2011-01-20,0.5563065409660339,0.44369351863861084
2011-01-21,0.6218990683555603,0.3781009316444397
2011-01-24,0.3165607750415802,0.6834392547607422
2011-01-25,0.13493667542934418,0.8650633096694946
2011-01-26,0.8282687664031982,0.17173124849796295
2011-01-27,0.09262043982744217,0.9073795080184937
2011-01-28,0.508394181728363,0.49160587787628174
2011-01-31,0.06124095618724823,0.9387590289115906
2011-02-01,0.1967255175113678,0.8032744526863098
2011-02-02,0.21991457045078278,0.7800854444503784
2011-02-03,0.05301666259765625,0.9469833374023438
2011-02-04,0.41396287083625793,0.5860370993614197
2011-02-07,0.032570675015449524,0.9674293398857117
2011-02-08,0.7096765637397766,0.290323406457901
2011-02-09,0.6569622755050659,0.3430377244949341
2011-02-10,0.5874326229095459,0.4125673472881317
2011-02-11,0.25121036171913147,0.7487896084785461
2011-02-14,0.6124337911605835,0.38756614923477173
2011-02-15,0.18061530590057373,0.8193846940994263
2011-02-16,0.03177991136908531,0.9682201147079468
2011-02-17,0.3930230736732483,0.6069769263267517
2011-02-18,0.5283631086349487,0.47163689136505127
2011-02-22,0.21075104176998138,0.7892489433288574
2011-02-23,0.7202678322792053,0.2797321379184723
2011-02-24,0.4394313395023346,0.5605686902999878
2011-02-25,0.4253588020801544,0.574641227722168
2011-02-28,0.3648124635219574,0.6351875066757202
2011-03-01,0.4948711395263672,0.5051288604736328
2011-03-02,0.10478881746530533,0.8952112197875977
2011-03-03,0.3250006437301636,0.6749993562698364
2011-03-04,0.818025529384613,0.18197445571422577
2011-03-07,0.4470146894454956,0.5529853701591492
2011-03-08,0.8247756361961365,0.17522431910037994
2011-03-09,0.5982140302658081,0.4017859995365143
2011-03-10,0.9664235711097717,0.033576417714357376
2011-03-11,0.22403298318386078,0.7759669423103333
2011-03-14,0.024594008922576904,0.9754059910774231
2011-03-15,0.5476776957511902,0.4523222744464874
2011-03-16,0.13828551769256592,0.8617144823074341
2011-03-17,0.32314392924308777,0.6768560409545898
2011-03-18,0.6610962748527527,0.33890366554260254
2011-03-21,0.9607439637184143,0.039256010204553604
2011-03-22,0.9568442106246948,0.04315577819943428
2011-03-23,0.756962239742279,0.24303776025772095
2011-03-24,0.7567822337150574,0.24321776628494263
2011-03-25,0.6909438967704773,0.3090561330318451
2011-03-28,0.7427411675453186,0.2572588622570038
2011-03-29,0.08793463557958603,0.912065327167511
2011-03-30,0.6296362280845642,0.3703637719154358
2011-03-31,0.9157968163490295,0.08420319855213165
2011-04-01,0.6021698713302612,0.397830069065094
2011-04-04,0.16762392222881317,0.8323760628700256
2011-04-05,0.903167188167572,0.09683282673358917
2011-04-06,0.8537409901618958,0.14625905454158783
2011-04-07,0.33306849002838135,0.6669315695762634
2011-04-08,0.7126443386077881,0.2873556911945343
2011-04-11,0.8364393711090088,0.1635606735944748
2011-04-12,0.2218298465013504,0.7781701683998108
2011-04-13,0.1681443601846695,0.8318556547164917
2011-04-14,0.16943253576755524,0.830567479133606
2011-04-15,0.9729697108268738,0.02703026495873928
2011-04-18,0.44937407970428467,0.5506258606910706
2011-04-19,0.4464103877544403,0.5535896420478821
2011-04-20,0.3202526569366455,0.6797473430633545
2011-04-21,0.5861493945121765,0.4138505756855011
2011-04-25,0.03679654374718666,0.9632034301757812
2011-04-26,0.30473172664642334,0.6952682733535767
2011-04-27,0.3193172514438629,0.6806827783584595
2011-04-28,0.09298276901245117,0.9070172309875488
2011-04-29,0.500495195388794,0.49950483441352844
2011-05-02,0.06765549629926682,0.9323445558547974
2011-05-03,0.5222497582435608,0.4777502417564392
2011-05-04,0.19265863299369812,0.8073413968086243
2011-05-05,0.9722198247909546,0.027780180796980858
2011-05-06,0.29965001344680786,0.7003499865531921
2011-05-09,0.5412186980247498,0.45878127217292786
2011-05-10,0.7647631764411926,0.23523682355880737
2011-05-11,0.43169382214546204,0.5683062076568604
2011-05-12,0.3384559750556946,0.6615440249443054
2011-05-13,0.3596252202987671,0.6403747797012329
2011-05-16,0.24981597065925598,0.7501840591430664
2011-05-17,0.2929864227771759,0.7070136070251465
2011-05-18,0.18342839181423187,0.8165716528892517
2011-05-19,0.2362339198589325,0.7637661099433899
2011-05-20,0.6179563999176025,0.3820436894893646
2011-05-23,0.37515658140182495,0.624843418598175
2011-05-24,0.5096153616905212,0.49038463830947876
2011-05-25,0.6408697366714478,0.35913023352622986
2011-05-26,0.4682200253009796,0.5317800045013428
2011-05-27,0.37347525358200073,0.6265247464179993
2011-05-31,0.25665807723999023,0.7433419227600098
2011-06-01,0.35047098994255066,0.649528980255127
2011-06-02,0.5558754801750183,0.4441245496273041
2011-06-03,0.385331392288208,0.6146686673164368
2011-06-06,0.3325158357620239,0.6674841046333313
2011-06-07,0.7119094729423523,0.2880905270576477
2011-06-08,0.8997212052345276,0.10027873516082764
2011-06-09,0.7275567054748535,0.2724432349205017
2011-06-10,0.45893630385398865,0.5410637259483337
2011-06-13,0.6769614219665527,0.32303857803344727
2011-06-14,0.1217997819185257,0.8782001733779907
2011-06-15,0.7927438616752625,0.20725615322589874
2011-06-16,0.299308180809021,0.700691819190979
2011-06-17,0.12138362973928452,0.8786163330078125
2011-06-20,0.10193289071321487,0.8980671167373657
2011-06-21,0.8191484808921814,0.1808515191078186
2011-06-22,0.69907546043396,0.30092453956604004
2011-06-23,0.5805190801620483,0.41948091983795166
2011-06-24,0.739629328250885,0.2603706419467926
2011-06-27,0.8940045237541199,0.10599542409181595
2011-06-28,0.7736868858337402,0.22631311416625977
2011-06-29,0.9386961460113525,0.06130383163690567
2011-06-30,0.31046584248542786,0.6895341277122498
2011-07-01,0.7639357447624207,0.23606422543525696
2011-07-05,0.44644689559936523,0.5535531044006348
2011-07-06,0.7373654842376709,0.2626345753669739
2011-07-07,0.1428951770067215,0.8571047782897949
2011-07-08,0.4783557653427124,0.5216442346572876
2011-07-11,0.3273915648460388,0.672608494758606
2011-07-12,0.9276298880577087,0.07237009704113007
2011-07-13,0.5591325759887695,0.44086742401123047
2011-07-14,0.25222083926200867,0.7477791905403137
2011-07-15,0.5124104022979736,0.48758962750434875
2011-07-18,0.6850784420967102,0.3149215579032898
2011-07-19,0.2946014404296875,0.7053985595703125
2011-07-20,0.08371738344430923,0.9162826538085938
2011-07-21,0.6834908723831177,0.3165091276168823
2011-07-22,0.6633742451667786,0.33662575483322144
2011-07-25,0.7963704466819763,0.20362958312034607
2011-07-26,0.929977536201477,0.07002244144678116
2011-07-27,0.3745138645172119,0.6254861354827881
2011-07-28,0.20703507959842682,0.7929649353027344
2011-07-29,0.19877642393112183,0.8012235760688782
2011-08-01,0.3536871075630188,0.6463128924369812
2011-08-02,0.7899734377861023,0.2100265771150589
2011-08-03,0.9268192648887634,0.07318072021007538
2011-08-04,0.871878445148468,0.1281215250492096
2011-08-05,0.8459511399269104,0.154048889875412
2011-08-08,0.46817097067832947,0.5318290591239929
2011-08-09,0.13291777670383453,0.8670822381973267
2011-08-10,0.16518038511276245,0.8348196148872375
2011-08-11,0.4918893873691559,0.5081105828285217
2011-08-12,0.712939977645874,0.287060022354126
2011-08-15,0.5794654488563538,0.42053458094596863
2011-08-16,0.39197373390197754,0.6080263257026672
2011-08-17,0.9237059950828552,0.07629405707120895
2011-08-18,0.05058422312140465,0.9494157433509827
2011-08-19,0.45029565691947937,0.5497043132781982
2011-08-22,0.6207069158554077,0.3792930543422699
2011-08-23,0.4535863399505615,0.5464136600494385
2011-08-24,0.938806414604187,0.06119360029697418
2011-08-25,0.294739305973053,0.705260694026947
2011-08-26,0.5441293120384216,0.45587071776390076
2011-08-29,0.6044827103614807,0.3955172896385193
2011-08-30,0.8043361306190491,0.19566385447978973
2011-08-31,0.35364875197410583,0.6463512182235718
2011-09-01,0.48366793990135193,0.5163320899009705
2011-09-02,0.5609757304191589,0.43902426958084106
2011-09-06,0.3238646984100342,0.6761353015899658
2011-09-07,0.7144156098365784,0.28558433055877686
2011-09-08,0.5447956919670105,0.4552043378353119
2011-09-09,0.08257558941841125,0.9174244403839111
2011-09-12,0.9681961536407471,0.031803812831640244
2011-09-13,0.5465744137763977,0.4534255862236023
2011-09-14,0.7874292731285095,0.21257078647613525
2011-09-15,0.35080111026763916,0.6491988301277161
2011-09-16,0.9005019068717957,0.09949813783168793
2011-09-19,0.46208757162094116,0.5379123687744141
2011-09-20,0.6365247964859009,0.36347514390945435
2011-09-21,0.5645169615745544,0.43548306822776794
2011-09-22,0.46408811211586,0.5359119176864624
2011-09-23,0.6686995625495911,0.33130043745040894
2011-09-26,0.5425872802734375,0.4574126601219177
2011-09-27,0.8044988512992859,0.19550113379955292
2011-09-28,0.48954594135284424,0.5104540586471558
2011-09-29,0.40140339732170105,0.5985965728759766
2011-09-30,0.36588913202285767,0.6341108679771423
2011-10-03,0.5908520817756653,0.4091479182243347
2011-10-04,0.20565080642700195,0.794349193572998
2011-10-05,0.6466814875602722,0.353318452835083
2011-10-06,0.9208433628082275,0.07915665954351425
2011-10-07,0.9725972414016724,0.027402736246585846
2011-10-10,0.263901948928833,0.736098051071167
2011-10-11,0.8786473274230957,0.12135271728038788
2011-10-12,0.5019776225090027,0.4980224072933197
2011-10-13,0.8753437995910645,0.12465614825487137
2011-10-14,0.3710787296295166,0.6289213299751282
2011-10-17,0.14828798174858093,0.8517120480537415
2011-10-18,0.1413259208202362,0.8586741089820862
2011-10-19,0.3125080168247223,0.6874919533729553
2011-10-20,0.5586674213409424,0.44133260846138
2011-10-21,0.5287483930587769,0.47125157713890076
2011-10-24,0.323784738779068,0.6762152314186096
2011-10-25,0.0694199651479721,0.9305800199508667
2011-10-26,0.11322778463363647,0.8867722153663635
2011-10-27,0.579878032207489,0.4201219379901886
2011-10-28,0.8190224766731262,0.18097758293151855
2011-10-31,0.2281446009874344,0.771855354309082
2011-11-01,0.817544162273407,0.18245582282543182
2011-11-02,0.2291887402534485,0.7708112001419067
2011-11-03,0.4171499013900757,0.5828501582145691
2011-11-04,0.8068752288818359,0.19312475621700287
2011-11-07,0.10699377208948135,0.8930062651634216
2011-11-08,0.5965446829795837,0.40345534682273865
2011-11-09,0.6351643800735474,0.36483561992645264
2011-11-10,0.16033199429512024,0.8396679759025574
2011-11-11,0.8562988638877869,0.14370112121105194
2011-11-14,0.5919256210327148,0.40807437896728516
2011-11-15,0.7557604908943176,0.2442394495010376
2011-11-16,0.061063945293426514,0.9389360547065735
2011-11-17,0.5033400058746338,0.4966599941253662
2011-11-18,0.8425085544586182,0.15749146044254303
2011-11-21,0.35292837023735046,0.6470715999603271
2011-11-22,0.2592867612838745,0.7407132387161255
2011-11-23,0.2339130938053131,0.7660869359970093
2011-11-25,0.41076070070266724,0.5892393589019775
2011-11-28,0.81392902135849,0.1860709935426712
2011-11-29,0.6461789608001709,0.3538210690021515
2011-11-30,0.46031540632247925,0.5396845936775208
2011-12-01,0.36527523398399353,0.6347247958183289
2011-12-02,0.21300089359283447,0.7869991064071655
2011-12-05,0.33364811539649963,0.666351854801178
2011-12-06,0.5042120218276978,0.49578797817230225
2011-12-07,0.9201700687408447,0.07982996851205826
2011-12-08,0.44063800573349,0.55936199426651
2011-12-09,0.18967808783054352,0.8103219270706177
2011-12-12,0.5137412548065186,0.48625877499580383
2011-12-13,0.975502073764801,0.02449788711965084
2011-12-14,0.8077595829963684,0.19224043190479279
2011-12-15,0.589895486831665,0.41010454297065735
2011-12-16,0.14853167533874512,0.8514683246612549
2011-12-19,0.5399136543273926,0.4600863456726074
2011-12-20,0.7859424948692322,0.21405744552612305
2011-12-21,0.5483553409576416,0.451644629240036
2011-12-22,0.43447908759117126,0.5655208826065063
2011-12-23,0.4583604037761688,0.5416395664215088
2011-12-27,0.8440462946891785,0.15595372021198273
2011-12-28,0.693427324295044,0.30657267570495605
2011-12-29,0.46104589104652405,0.5389541387557983
2011-12-30,0.46621885895729065,0.5337811708450317
2012-01-03,0.3073544204235077,0.6926455497741699
2012-01-04,0.8018280863761902,0.19817188382148743
2012-01-05,0.35659414529800415,0.6434058547019958
2012-01-06,0.14921994507312775,0.8507800698280334
2012-01-09,0.17110200226306915,0.8288979530334473
2012-01-10,0.4304475486278534,0.5695524215698242
2012-01-11,0.2745780944824219,0.7254219055175781
2012-01-12,0.2728872299194336,0.7271127700805664
2012-01-13,0.12993398308753967,0.8700660467147827
2012-01-17,0.8685342669487,0.13146574795246124
2012-01-18,0.7273678183555603,0.2726321816444397
2012-01-19,0.3729957342147827,0.6270042657852173
2012-01-20,0.7957086563110352,0.20429137349128723
2012-01-23,0.2937210202217102,0.7062789797782898
2012-01-24,0.5260701179504395,0.4739299416542053
2012-01-25,0.4254360795021057,0.5745639801025391
2012-01-26,0.2210187166929245,0.7789813280105591
2012-01-27,0.6698045134544373,0.33019551634788513
2012-01-30,0.4230140149593353,0.5769859552383423
2012-01-31,0.12559139728546143,0.8744086027145386
2012-02-01,0.4643724262714386,0.5356276035308838
2012-02-02,0.7216627597808838,0.2783373296260834
2012-02-03,0.837283194065094,0.1627167910337448
2012-02-06,0.9617325663566589,0.038267459720373154
2012-02-07,0.4439731240272522,0.5560269355773926
2012-02-08,0.42917612195014954,0.5708239078521729
2012-02-09,0.7123401165008545,0.2876599133014679
2012-02-10,0.8431409597396851,0.15685905516147614
2012-02-13,0.13226230442523956,0.8677377104759216
2012-02-14,0.9969426393508911,0.0030573157127946615
2012-02-15,0.8709098100662231,0.12909018993377686
2012-02-16,0.9251096844673157,0.07489031553268433
2012-02-17,0.5255671143531799,0.47443288564682007
2012-02-21,0.6456139087677002,0.3543860614299774
2012-02-22,0.4942633807659149,0.5057366490364075
2012-02-23,0.3245076835155487,0.6754922866821289
2012-02-24,0.865869402885437,0.13413061201572418
2012-02-27,0.737665057182312,0.262334942817688
2012-02-28,0.8267064690589905,0.17329351603984833
2012-02-29,0.3373802900314331,0.6626197099685669
2012-03-01,0.49109286069869995,0.5089071393013
2012-03-02,0.48605895042419434,0.5139410495758057
2012-03-05,0.8864779472351074,0.11352210491895676
2012-03-06,0.7534669041633606,0.24653306603431702
2012-03-07,0.7820588946342468,0.2179410755634308
2012-03-08,0.7248550653457642,0.27514490485191345
2012-03-09,0.735988438129425,0.26401156187057495
2012-03-12,0.8059476017951965,0.19405242800712585
2012-03-13,0.48228707909584045,0.5177130103111267
2012-03-14,0.42324692010879517,0.5767531394958496
2012-03-15,0.6252185702323914,0.37478137016296387
2012-03-16,0.4579279124736786,0.5420721173286438
2012-03-19,0.6529916524887085,0.3470083475112915
2012-03-20,0.14958429336547852,0.8504157066345215
2012-03-21,0.8640907406806946,0.13590921461582184
2012-03-22,0.49142488837242126,0.5085751414299011
2012-03-23,0.9264203906059265,0.07357959449291229
2012-03-26,0.4216978847980499,0.5783021450042725
2012-03-27,0.807892918586731,0.19210712611675262
2012-03-28,0.8429067134857178,0.15709325671195984
2012-03-29,0.37821054458618164,0.6217895150184631
2012-03-30,0.39957931637763977,0.6004207134246826
2012-04-02,0.11615388095378876,0.8838461637496948
2012-04-03,0.7348138689994812,0.2651861011981964
2012-04-04,0.6572208404541016,0.3427792191505432
2012-04-05,0.4715239405632019,0.5284760594367981
2012-04-09,0.18608340620994568,0.8139166235923767
2012-04-10,0.7679773569107056,0.23202262818813324
2012-04-11,0.41402900218963623,0.5859709978103638
2012-04-12,0.33876368403434753,0.6612362861633301
2012-04-13,0.20717617869377136,0.792823851108551
2012-04-16,0.8261134624481201,0.17388655245304108
2012-04-17,0.3656403422355652,0.6343596577644348
2012-04-18,0.22348959743976593,0.7765104174613953
2012-04-19,0.2507237195968628,0.749276340007782
2012-04-20,0.1664687991142273,0.8335312008857727
2012-04-23,0.7767550945281982,0.22324490547180176
2012-04-24,0.7038315534591675,0.2961684465408325
2012-04-25,0.13671182096004486,0.863288164138794
2012-04-26,0.3969208002090454,0.6030791997909546
2012-04-27,0.510038435459137,0.48996156454086304
2012-04-30,0.5833945870399475,0.4166053831577301
2012-05-01,0.5833350419998169,0.4166649878025055
2012-05-02,0.10927451401948929,0.8907254338264465
2012-05-03,0.22260916233062744,0.7773907780647278
2012-05-04,0.4769287705421448,0.5230712294578552
2012-05-07,0.2254287749528885,0.7745712399482727
2012-05-08,0.20800265669822693,0.7919973134994507
2012-05-09,0.29150664806365967,0.7084933519363403
2012-05-10,0.209764301776886,0.790235698223114
2012-05-11,0.6825034022331238,0.3174966275691986
2012-05-14,0.6349433064460754,0.36505675315856934
2012-05-15,0.30666935443878174,0.6933306455612183
2012-05-16,0.32614123821258545,0.6738588213920593
2012-05-17,0.3191886842250824,0.6808112859725952
2012-05-18,0.6594752669334412,0.34052473306655884
2012-05-21,0.5813598036766052,0.4186401963233948
2012-05-22,0.26913517713546753,0.7308648228645325
2012-05-23,0.6486812829971313,0.35131871700286865
2012-05-24,0.9347773194313049,0.06522268801927567
2012-05-25,0.8940224647521973,0.10597759485244751
2012-05-29,0.2602190375328064,0.7397809624671936
2012-05-30,0.6585818529129028,0.34141817688941956
2012-05-31,0.693263590335846,0.30673643946647644
2012-06-01,0.4678835868835449,0.5321164131164551
2012-06-04,0.7659461498260498,0.2340538203716278
2012-06-05,0.947935938835144,0.052064042538404465
2012-06-06,0.6214816570281982,0.37851837277412415
2012-06-07,0.6749851703643799,0.3250148296356201
2012-06-08,0.8906087279319763,0.10939130932092667
2012-06-11,0.5190914869308472,0.4809085428714752
2012-06-12,0.2062331736087799,0.7937667965888977
2012-06-13,0.14576628804206848,0.8542336821556091
2012-06-14,0.33428749442100525,0.6657125353813171
2012-06-15,0.3303099274635315,0.6696900725364685
2012-06-18,0.7164232730865479,0.28357669711112976
2012-06-19,0.304879754781723,0.6951202154159546
2012-06-20,0.43888381123542786,0.5611161589622498
2012-06-21,0.6645246744155884,0.3354753255844116
2012-06-22,0.9561068415641785,0.043893180787563324
2012-06-25,0.2514728903770447,0.7485270500183105
2012-06-26,0.6843391060829163,0.31566089391708374
2012-06-27,0.16791608929634094,0.8320838809013367
2012-06-28,0.7100601196289062,0.2899399399757385
2012-06-29,0.7505930662155151,0.24940691888332367
2012-07-02,0.3732524514198303,0.6267475485801697
2012-07-03,0.7423691749572754,0.257630854845047
2012-07-05,0.4467822313308716,0.5532178282737732
2012-07-06,0.8911819458007812,0.10881805419921875
2012-07-09,0.7876846790313721,0.21231535077095032
2012-07-10,0.28995516896247864,0.710044801235199
2012-07-11,0.8534579277038574,0.1465420126914978
2012-07-12,0.7511504292488098,0.24884957075119019
2012-07-13,0.8799530863761902,0.12004692107439041
2012-07-16,0.6654676795005798,0.33453232049942017
2012-07-17,0.5731452107429504,0.42685478925704956
2012-07-18,0.406811386346817,0.5931886434555054
2012-07-19,0.5158771872520447,0.4841228425502777
2012-07-20,0.6102644205093384,0.3897355794906616
2012-07-23,0.8416998386383057,0.15830014646053314
2012-07-24,0.7033517956733704,0.296648234128952
2012-07-25,0.6428331136703491,0.3571668565273285
2012-07-26,0.12726421654224396,0.8727357983589172
2012-07-27,0.4534122943878174,0.5465877652168274
2012-07-30,0.408368855714798,0.5916311144828796
2012-07-31,0.058061383664608,0.941938579082489
